{
    "Search Engines": [
        {
            "suggestions_url": "",
            "favicon_url": "https://media.flaticon.com/img/favicon.ico",
            "safe_for_autoreplace": true,
            "date_created": 13185733576956887,
            "url": "https://www.flaticon.com/search?word\u003d{searchTerms}",
            "new_tab_url": "",
            "originating_url": "",
            "sync_guid": "e7696cab-108d-405f-b1ea-a669ee469c30",
            "short_name": "flaticon.com",
            "keyword": "flaticon.com",
            "input_encodings": "UTF-8",
            "prepopulate_id": 0,
            "last_modified": 13185733576956888
},
        {
            "suggestions_url": "",
            "favicon_url": "https://translate.google.co.th/favicon.ico",
            "safe_for_autoreplace": true,
            "date_created": 13165261680000000,
            "url": "http://translate.google.co.th/?source\u003dosdd#auto|auto|{searchTerms}",
            "new_tab_url": "",
            "originating_url": "https://translate.google.co.th/opensearch.xml?hl\u003dth",
            "sync_guid": "ce9aedf7-5830-474d-bcd3-cbceccc1387f",
            "short_name": "Google แปลภาษา",
            "keyword": "translate.google.co.th",
            "input_encodings": "",
            "prepopulate_id": 0,
            "last_modified": 13165261680000000
},
        {
            "suggestions_url": "",
            "favicon_url": "http://www.pinterest.com/favicon.ico",
            "safe_for_autoreplace": true,
            "date_created": 13180610192609408,
            "url": "http://www.pinterest.com/search/pins/?q\u003d{searchTerms}\u0026rs\u003ddirect_navigation",
            "new_tab_url": "",
            "originating_url": "https://www.pinterest.se/opensearch.xml",
            "sync_guid": "1f436d9b-0f2b-4f15-b13f-d61f021329d8",
            "short_name": "Pinterest",
            "keyword": "pinterest.se",
            "input_encodings": "UTF-8",
            "prepopulate_id": 0,
            "last_modified": 13180610192609408
},
        {
            "suggestions_url": "",
            "favicon_url": "https://www.dedbit.com/favicon.ico",
            "safe_for_autoreplace": true,
            "date_created": 13208711960962084,
            "url": "https://www.dedbit.com/browse.php?search\u003d{searchTerms}",
            "new_tab_url": "",
            "originating_url": "",
            "sync_guid": "d92459af-9b04-4b19-bec3-50a9d353fa94",
            "short_name": "dedbit.com",
            "keyword": "dedbit.com",
            "input_encodings": "UTF-8",
            "prepopulate_id": 0,
            "last_modified": 13208711960962084
},
        {
            "suggestions_url": "",
            "favicon_url": "https://s.ytimg.com/yts/img/favicon_32-vflOogEID.png",
            "safe_for_autoreplace": true,
            "date_created": 13208676120407993,
            "url": "https://www.youtube.com/results?search_query\u003d{searchTerms}\u0026page\u003d{startPage?}\u0026utm_source\u003dopensearch",
            "new_tab_url": "",
            "originating_url": "https://www.youtube.com/opensearch?locale\u003dth_TH",
            "sync_guid": "ce8b4e70-a73d-4960-9ee3-c937ce59173a",
            "short_name": "YouTube",
            "keyword": "youtube.com",
            "input_encodings": "",
            "prepopulate_id": 0,
            "last_modified": 13208676120407993
},
        {
            "suggestions_url": "",
            "favicon_url": "",
            "safe_for_autoreplace": true,
            "date_created": 13208768272845959,
            "url": "https://tv.line.me/search?query\u003d{searchTerms}\u0026source\u003dopensearch",
            "new_tab_url": "",
            "originating_url": "https://tv.line.me/opensearch.xml",
            "sync_guid": "0a0ab3af-cce9-4fe4-b6e9-4624de2d3b0b",
            "short_name": "LINE TV Search",
            "keyword": "tv.line.me",
            "input_encodings": "UTF-8",
            "prepopulate_id": 0,
            "last_modified": 13208768272845959
},
        {
            "suggestions_url": "https://us.search.yahoo.com/sugg/gossip/gossip-us-partner?output\u003dfxjson\u0026appid\u003dmca\u0026source\u003dyahoo_mcafee_searchassist\u0026command\u003d{searchTerms}",
            "favicon_url": "https://search.yahoo.com/favicon.ico",
            "safe_for_autoreplace": false,
            "date_created": 13211404357421912,
            "url": "https://search.yahoo.com/search?fr\u003dmcafee\u0026type\u003dE210US91215G10\u0026p\u003d{searchTerms}",
            "new_tab_url": "",
            "originating_url": "",
            "sync_guid": "F59B2EC8-1D34-435D-B539-435BA415D1B6",
            "short_name": "Secure Search",
            "keyword": "mcafee",
            "input_encodings": "",
            "prepopulate_id": 1001,
            "last_modified": 13211404357421912
},
        {
            "suggestions_url": "https://www.facebook.com/search/opensearch/suggestions/?q\u003d{searchTerms}",
            "favicon_url": "https://static.xx.fbcdn.net/rsrc.php/yo/r/iRmz9lCMBD2.ico",
            "safe_for_autoreplace": true,
            "date_created": 13185723065280335,
            "url": "https://www.facebook.com/search/top/?q\u003d{searchTerms}\u0026opensearch\u003d1",
            "new_tab_url": "",
            "originating_url": "https://www.facebook.com/osd.xml",
            "sync_guid": "2cab96cc-3bcf-48f1-8784-cd18fcb38db6",
            "short_name": "Facebook",
            "keyword": "th-th.facebook.com",
            "input_encodings": "UTF-8",
            "prepopulate_id": 0,
            "last_modified": 13185723065280335
},
        {
            "suggestions_url": "https://www.facebook.com/search/opensearch/suggestions/?q\u003d{searchTerms}",
            "favicon_url": "https://www.facebook.com/favicon.ico",
            "safe_for_autoreplace": true,
            "date_created": 13215885681283801,
            "url": "https://www.facebook.com/search/top/?q\u003d{searchTerms}\u0026opensearch\u003d1",
            "new_tab_url": "",
            "originating_url": "https://web.facebook.com/osd.xml",
            "sync_guid": "93a96eed-3cbc-410b-ab1d-fd45486d36a3",
            "short_name": "Facebook",
            "keyword": "facebook.com",
            "input_encodings": "UTF-8",
            "prepopulate_id": 0,
            "last_modified": 13215885681283802
},
        {
            "suggestions_url": "",
            "favicon_url": "https://www.google.co.th/favicon.ico",
            "safe_for_autoreplace": true,
            "date_created": 13215948365598282,
            "url": "https://www.google.co.th/search?dcr\u003d0\u0026sxsrf\u003dACYBGNRrQhWcF3_uwV86glIVpJyOOSjjtg%3A1571474753571\u0026source\u003dhp\u0026ei\u003dQc2qXfnOIMndvgTw-YnoCQ\u0026q\u003d{searchTerms}\u0026btnK\u003d%E0%B8%84%E0%B9%89%E0%B8%99%E0%B8%AB%E0%B8%B2%E0%B8%94%E0%B9%89%E0%B8%A7%E0%B8%A2+Google\u0026oq\u003dgoogle+\u0026gs_l\u003dpsy-ab.3.0.0i67l3j0i131i67j0i67l2j0i131j0j0i67l2.5323.8815..10137...1.0..0.198.998.2j6......0....1..gws-wiz.......35i39j35i39i285j0i10j0i10i67.fc6TLbO_JZE",
            "new_tab_url": "",
            "originating_url": "",
            "sync_guid": "9f9ec0ba-51d2-477d-bc66-daf566681790",
            "short_name": "google.co.th",
            "keyword": "google.co.th",
            "input_encodings": "UTF-8",
            "prepopulate_id": 0,
            "last_modified": 13215948365598282
},
        {
            "suggestions_url": "https://search.yahoo.com/sugg/chrome?output\u003dfxjson\u0026appid\u003dcrmas\u0026command\u003d{searchTerms}",
            "favicon_url": "https://search.yahoo.com/favicon.ico",
            "safe_for_autoreplace": true,
            "date_created": 0,
            "url": "https://search.yahoo.com/search{google:pathWildcard}?ei\u003d{inputEncoding}\u0026fr\u003dcrmas\u0026p\u003d{searchTerms}",
            "new_tab_url": "",
            "originating_url": "",
            "sync_guid": "19c82339-0022-445f-92bc-ea9611d18e91",
            "short_name": "Yahoo!",
            "keyword": "yahoo.com",
            "input_encodings": "UTF-8",
            "prepopulate_id": 2,
            "last_modified": 13216406854645064
},
        {
            "suggestions_url": "https://www.bing.com/osjson.aspx?query\u003d{searchTerms}\u0026language\u003d{language}\u0026PC\u003dU316",
            "image_url_post_params": "imageBin\u003d{google:imageThumbnailBase64}",
            "favicon_url": "https://www.bing.com/sa/simg/bing_p_rr_teal_min.ico",
            "safe_for_autoreplace": true,
            "date_created": 0,
            "image_url": "https://www.bing.com/images/detail/search?iss\u003dsbiupload\u0026FORM\u003dCHROMI#enterInsights",
            "url": "https://www.bing.com/search?q\u003d{searchTerms}\u0026PC\u003dU316\u0026FORM\u003dCHROMN",
            "new_tab_url": "https://www.bing.com/chrome/newtab",
            "originating_url": "",
            "sync_guid": "b3779e0c-b1fe-4dbe-bda6-9e0e955ae7e3",
            "short_name": "Bing",
            "keyword": "bing.com",
            "input_encodings": "UTF-8",
            "prepopulate_id": 3,
            "last_modified": 13216406854645059
},
        {
            "suggestions_url": "https://duckduckgo.com/ac/?q\u003d{searchTerms}\u0026type\u003dlist",
            "favicon_url": "https://duckduckgo.com/favicon.ico",
            "safe_for_autoreplace": true,
            "date_created": 0,
            "url": "https://duckduckgo.com/?q\u003d{searchTerms}",
            "new_tab_url": "https://duckduckgo.com/chrome_newtab",
            "originating_url": "",
            "sync_guid": "485bf7d3-0215-45af-87dc-538868000092",
            "short_name": "DuckDuckGo",
            "keyword": "duckduckgo.com",
            "input_encodings": "UTF-8",
            "prepopulate_id": 92,
            "last_modified": 13216406854645077
},
        {
            "suggestions_url": "{google:baseSuggestURL}search?{google:searchFieldtrialParameter}client\u003d{google:suggestClient}\u0026gs_ri\u003d{google:suggestRid}\u0026xssi\u003dt\u0026q\u003d{searchTerms}\u0026{google:inputType}{google:omniboxFocusType}{google:cursorPosition}{google:currentPageUrl}{google:pageClassification}{google:searchVersion}{google:sessionToken}{google:prefetchQuery}sugkey\u003d{google:suggestAPIKeyParameter}",
            "image_url_post_params": "encoded_image\u003d{google:imageThumbnail},image_url\u003d{google:imageURL},sbisrc\u003d{google:imageSearchSource},original_width\u003d{google:imageOriginalWidth},original_height\u003d{google:imageOriginalHeight}",
            "favicon_url": "https://www.google.com/images/branding/product/ico/googleg_lodp.ico",
            "safe_for_autoreplace": true,
            "date_created": 0,
            "image_url": "{google:baseURL}searchbyimage/upload",
            "url": "{google:baseURL}search?q\u003d{searchTerms}\u0026{google:RLZ}{google:originalQueryForSuggestion}{google:assistedQueryStats}{google:searchFieldtrialParameter}{google:iOSSearchLanguage}{google:searchClient}{google:sourceId}{google:contextualSearchVersion}ie\u003d{inputEncoding}",
            "new_tab_url": "",
            "originating_url": "",
            "sync_guid": "caa6ec93-7f46-41b2-9e1c-a325e5704d55",
            "short_name": "Google",
            "keyword": "google.com",
            "input_encodings": "UTF-8",
            "alternate_urls": [
                        "{google:baseURL}#q\u003d{searchTerms}",
                        "{google:baseURL}search#q\u003d{searchTerms}",
                        "{google:baseURL}webhp#q\u003d{searchTerms}",
                        "{google:baseURL}s#q\u003d{searchTerms}",
                        "{google:baseURL}s?q\u003d{searchTerms}"
            ],
            "prepopulate_id": 1,
            "last_modified": 13216406854645054
}
    ]
}